INSERT INTO permission(ID, CREATION_DATE, LAST_UPDATE, UUID, ACTIVE, DESCRIPTION, NAME,LEVEL) VALUES('1','2017-11-11 00:00:00','2017-11-11 00:00:00','1', 1, 'Permiso de prueba', 'CREATE_CLIENT','ADMINISTRATOR');
INSERT INTO permission(ID, CREATION_DATE, LAST_UPDATE, UUID, ACTIVE, DESCRIPTION,NAME, LEVEL) VALUES('2','2017-11-11 00:00:00','2017-11-11 00:00:00','2', 1, 'Permiso de prueba', 'CREATE_RECRUITER','ADMINISTRATOR');
INSERT INTO permission(ID, CREATION_DATE, LAST_UPDATE, UUID, ACTIVE, DESCRIPTION,NAME, LEVEL) VALUES('3','2017-11-11 00:00:00','2017-11-11 00:00:00','3', 1, 'Permiso de prueba', 'CREATE_ADMIN','ADMINISTRATOR');
INSERT INTO permission(ID, CREATION_DATE, LAST_UPDATE, UUID, ACTIVE, DESCRIPTION,NAME, LEVEL) VALUES('4','2017-11-11 00:00:00','2017-11-11 00:00:00','4', 1, 'Permiso de prueba', 'CREATE_SEARCH','ADMINISTRATOR');
INSERT INTO permission(ID, CREATION_DATE, LAST_UPDATE, UUID, ACTIVE, DESCRIPTION,NAME, LEVEL) VALUES('5','2017-11-11 00:00:00','2017-11-11 00:00:00','5', 1, 'Permiso de prueba', 'CREATE_COUNTRY','ADMINISTRATOR');
INSERT INTO permission(ID, CREATION_DATE, LAST_UPDATE, UUID, ACTIVE, DESCRIPTION,NAME, LEVEL) VALUES('6','2017-11-11 00:00:00','2017-11-11 00:00:00','6', 1, 'Permiso de prueba', 'CREATE_TECH_SKILL','ADMINISTRATOR');
INSERT INTO permission(ID, CREATION_DATE, LAST_UPDATE, UUID, ACTIVE, DESCRIPTION,NAME, LEVEL) VALUES('7','2017-11-11 00:00:00','2017-11-11 00:00:00','7', 1, 'Permiso de prueba', 'CREATE_SOFT_SKILL','ADMINISTRATOR');
INSERT INTO permission(ID, CREATION_DATE, LAST_UPDATE, UUID, ACTIVE, DESCRIPTION,NAME, LEVEL) VALUES('8','2017-11-11 00:00:00','2017-11-11 00:00:00','8', 1, 'Permiso de prueba', 'CREATE_AREA_SKILL','ADMINISTRATOR');
INSERT INTO permission(ID, CREATION_DATE, LAST_UPDATE, UUID, ACTIVE, DESCRIPTION,NAME, LEVEL) VALUES('9','2017-11-11 00:00:00','2017-11-11 00:00:00','9', 1, 'Permiso de prueba', 'CREATE_SECTOR_SKILL','ADMINISTRATOR');
INSERT INTO permission(ID, CREATION_DATE, LAST_UPDATE, UUID, ACTIVE, DESCRIPTION,NAME, LEVEL) VALUES('10','2017-11-11 00:00:00','2017-11-11 00:00:00','10', 1, 'Permiso de prueba', 'UPDATE_CLIENT','ADMINISTRATOR');
INSERT INTO permission(ID, CREATION_DATE, LAST_UPDATE, UUID, ACTIVE, DESCRIPTION,NAME, LEVEL) VALUES('11','2017-11-11 00:00:00','2017-11-11 00:00:00','11', 1, 'Permiso de prueba', 'UPDATE_RECRUITER','ADMINISTRATOR');
INSERT INTO permission(ID, CREATION_DATE, LAST_UPDATE, UUID, ACTIVE, DESCRIPTION,NAME, LEVEL) VALUES('12','2017-11-11 00:00:00','2017-11-11 00:00:00','12', 1, 'Permiso de prueba', 'UPDATE_ADMIN','ADMINISTRATOR');
INSERT INTO permission(ID, CREATION_DATE, LAST_UPDATE, UUID, ACTIVE, DESCRIPTION,NAME, LEVEL) VALUES('13','2017-11-11 00:00:00','2017-11-11 00:00:00','13', 1, 'Permiso de prueba', 'UPDATE_SEARCH','ADMINISTRATOR');
INSERT INTO permission(ID, CREATION_DATE, LAST_UPDATE, UUID, ACTIVE, DESCRIPTION,NAME, LEVEL) VALUES('14','2017-11-11 00:00:00','2017-11-11 00:00:00','14', 1, 'Permiso de prueba', 'UPDATE_COUNTRY','ADMINISTRATOR');
INSERT INTO permission(ID, CREATION_DATE, LAST_UPDATE, UUID, ACTIVE, DESCRIPTION,NAME, LEVEL) VALUES('15','2017-11-11 00:00:00','2017-11-11 00:00:00','15', 1, 'Permiso de prueba', 'UPDATE_TECH_SKILL','ADMINISTRATOR');
INSERT INTO permission(ID, CREATION_DATE, LAST_UPDATE, UUID, ACTIVE, DESCRIPTION,NAME, LEVEL) VALUES('16','2017-11-11 00:00:00','2017-11-11 00:00:00','16', 1, 'Permiso de prueba', 'UPDATE_SOFT_SKILL','ADMINISTRATOR');
INSERT INTO permission(ID, CREATION_DATE, LAST_UPDATE, UUID, ACTIVE, DESCRIPTION,NAME, LEVEL) VALUES('17','2017-11-11 00:00:00','2017-11-11 00:00:00','17', 1, 'Permiso de prueba', 'UPDATE_AREA_SKILL','ADMINISTRATOR');
INSERT INTO permission(ID, CREATION_DATE, LAST_UPDATE, UUID, ACTIVE, DESCRIPTION,NAME, LEVEL) VALUES('18','2017-11-11 00:00:00','2017-11-11 00:00:00','18', 1, 'Permiso de prueba', 'UPDATE_SECTOR_SKILL','ADMINISTRATOR');
INSERT INTO permission(ID, CREATION_DATE, LAST_UPDATE, UUID, ACTIVE, DESCRIPTION,NAME, LEVEL) VALUES('19','2017-11-11 00:00:00','2017-11-11 00:00:00','19', 1, 'Permiso de prueba', 'DELETE_CLIENT','ADMINISTRATOR');
INSERT INTO permission(ID, CREATION_DATE, LAST_UPDATE, UUID, ACTIVE, DESCRIPTION,NAME, LEVEL) VALUES('20','2017-11-11 00:00:00','2017-11-11 00:00:00','20', 1, 'Permiso de prueba', 'DELETE_RECRUITER','ADMINISTRATOR');
INSERT INTO permission(ID, CREATION_DATE, LAST_UPDATE, UUID, ACTIVE, DESCRIPTION,NAME, LEVEL) VALUES('21','2017-11-11 00:00:00','2017-11-11 00:00:00','21', 1, 'Permiso de prueba', 'DELETE_ADMIN','ADMINISTRATOR');
INSERT INTO permission(ID, CREATION_DATE, LAST_UPDATE, UUID, ACTIVE, DESCRIPTION,NAME, LEVEL) VALUES('22','2017-11-11 00:00:00','2017-11-11 00:00:00','22', 1, 'Permiso de prueba', 'DELETE_SEARCH','ADMINISTRATOR');
INSERT INTO permission(ID, CREATION_DATE, LAST_UPDATE, UUID, ACTIVE, DESCRIPTION,NAME, LEVEL) VALUES('23','2017-11-11 00:00:00','2017-11-11 00:00:00','23', 1, 'Permiso de prueba', 'DELETE_COUNTRY','ADMINISTRATOR');
INSERT INTO permission(ID, CREATION_DATE, LAST_UPDATE, UUID, ACTIVE, DESCRIPTION,NAME, LEVEL) VALUES('24','2017-11-11 00:00:00','2017-11-11 00:00:00','24', 1, 'Permiso de prueba', 'DELETE_TECH_SKILL','ADMINISTRATOR');
INSERT INTO permission(ID, CREATION_DATE, LAST_UPDATE, UUID, ACTIVE, DESCRIPTION,NAME, LEVEL) VALUES('25','2017-11-11 00:00:00','2017-11-11 00:00:00','25', 1, 'Permiso de prueba', 'DELETE_SOFT_SKILL','ADMINISTRATOR');
INSERT INTO permission(ID, CREATION_DATE, LAST_UPDATE, UUID, ACTIVE, DESCRIPTION,NAME, LEVEL) VALUES('26','2017-11-11 00:00:00','2017-11-11 00:00:00','26', 1, 'Permiso de prueba', 'DELETE_AREA_SKILL','ADMINISTRATOR');
INSERT INTO permission(ID, CREATION_DATE, LAST_UPDATE, UUID, ACTIVE, DESCRIPTION,NAME, LEVEL) VALUES('27','2017-11-11 00:00:00','2017-11-11 00:00:00','27', 1, 'Permiso de prueba', 'DELETE_SECTOR_SKILL','ADMINISTRATOR');
INSERT INTO permission(ID, CREATION_DATE, LAST_UPDATE, UUID, ACTIVE, DESCRIPTION,NAME, LEVEL) VALUES('28','2017-11-11 00:00:00','2017-11-11 00:00:00','28', 1, 'Permiso para leer', 'READ_USERS','ADMINISTRATOR');
INSERT INTO role (ID, CREATION_DATE, LAST_UPDATE, UUID, ACTIVE, DESCRIPTION, NAME, NORMALIZED_NAME, LEVEL) values (1,'2017-11-11 00:00:00','2017-11-11 00:00:00','1', 1, 'Adminstrator profile. May be it dont have all the profiles','ADMINISTRATOR', 'administrator','ADMINISTRATOR');
INSERT INTO role (ID, CREATION_DATE, LAST_UPDATE, UUID, ACTIVE, DESCRIPTION, NAME, NORMALIZED_NAME, LEVEL) values (2,'2017-11-11 00:00:00','2017-11-11 00:00:00','2', 1, 'Recruiter profile. It is only a recruiter','RECRUITER', 'recruiter','RECRUITER');
INSERT INTO role_permission(ROLE_ID, PERMISSION_ID) VALUES (1,1);
INSERT INTO role_permission(ROLE_ID, PERMISSION_ID) VALUES (1,2);
INSERT INTO role_permission(ROLE_ID, PERMISSION_ID) VALUES (1,3);
INSERT INTO role_permission(ROLE_ID, PERMISSION_ID) VALUES (1,4);
INSERT INTO role_permission(ROLE_ID, PERMISSION_ID) VALUES (1,5);
INSERT INTO role_permission(ROLE_ID, PERMISSION_ID) VALUES (1,6);
INSERT INTO role_permission(ROLE_ID, PERMISSION_ID) VALUES (1,7);
INSERT INTO role_permission(ROLE_ID, PERMISSION_ID) VALUES (1,8);
INSERT INTO role_permission(ROLE_ID, PERMISSION_ID) VALUES (1,9);
INSERT INTO role_permission(ROLE_ID, PERMISSION_ID) VALUES (1,10);
INSERT INTO role_permission(ROLE_ID, PERMISSION_ID) VALUES (1,11);
INSERT INTO role_permission(ROLE_ID, PERMISSION_ID) VALUES (1,12);
INSERT INTO role_permission(ROLE_ID, PERMISSION_ID) VALUES (1,13);
INSERT INTO role_permission(ROLE_ID, PERMISSION_ID) VALUES (1,14);
INSERT INTO role_permission(ROLE_ID, PERMISSION_ID) VALUES (1,15);
INSERT INTO role_permission(ROLE_ID, PERMISSION_ID) VALUES (1,16);
INSERT INTO role_permission(ROLE_ID, PERMISSION_ID) VALUES (1,17);
INSERT INTO role_permission(ROLE_ID, PERMISSION_ID) VALUES (1,18);
INSERT INTO role_permission(ROLE_ID, PERMISSION_ID) VALUES (1,19);
INSERT INTO role_permission(ROLE_ID, PERMISSION_ID) VALUES (1,20);
INSERT INTO role_permission(ROLE_ID, PERMISSION_ID) VALUES (1,21);
INSERT INTO role_permission(ROLE_ID, PERMISSION_ID) VALUES (1,22);
INSERT INTO role_permission(ROLE_ID, PERMISSION_ID) VALUES (1,23);
INSERT INTO role_permission(ROLE_ID, PERMISSION_ID) VALUES (1,24);
INSERT INTO role_permission(ROLE_ID, PERMISSION_ID) VALUES (1,25);
INSERT INTO role_permission(ROLE_ID, PERMISSION_ID) VALUES (1,26);
INSERT INTO role_permission(ROLE_ID, PERMISSION_ID) VALUES (1,27);
INSERT INTO role_permission(ROLE_ID, PERMISSION_ID) VALUES (1,28);
INSERT INTO role_permission(ROLE_ID, PERMISSION_ID) VALUES (2,1);
INSERT INTO user (id,creation_date, last_update , uuid, active , bad_login, email, last_login, locked, name, password, phone, tax_id, user_type, username) VALUES (1,'2017-11-11 00:00:00','2017-11-11 00:00:00','1', 1,0,'seebogado@gmail.com','2017-11-11 00:00:00',0, 'Sebastian Emanuel Enrique Bogado','$2a$10$sLb/CR/c5o3pa89UwOZYz.c.AuTpJ7FPpuVB3kVrLrDpTxe5PYRWq','54 9 1162961073','20382560966','PERSON','sbogado');
INSERT INTO user_role(USER_ID, ROLE_ID) VALUES (1,1);
INSERT INTO user_role(USER_ID, ROLE_ID) VALUES (1,2);
